,cell_length_a,cell_length_b,cell_length_c,cell_angle_alpha,cell_angle_beta,cell_angle_gamma,lcd,pld,void_fraction,surface_area_m2g,surface_area_m2cm3,number_H,number_C,number_N,number_O,number_F,number_Cl,number_V,number_Cu,number_Zn,number_Br,number_Zr
count,1000.0,1000.0,1000.0,1000.0,1000.0,1000.0,1000.0,1000.0,1000.0,1000.0,1000.0,1000.0,1000.0,1000.0,1000.0,1000.0,1000.0,1000.0,1000.0,1000.0,1000.0,1000.0
mean,15.679235641,16.429175710000003,15.072652285999999,89.14482685899999,89.150353816,87.86844441200002,9.21,7.696398,0.62942507880487,2671.0169,1665.5956,35.945,68.815,7.083,21.416,1.758,2.051,0.124,0.952,3.532,2.043,0.216
std,5.300015253915889,5.2329872418346355,4.992872708138359,7.902231750861558,7.634772834068881,9.81929715439334,4.623110224529386,4.643673430865754,0.22598485427384052,1727.9814152808317,739.9664763668601,42.38223954947673,55.74853068623131,11.219982130065938,15.778463293486597,7.355919082313613,7.928635586421049,0.6269106930153744,2.0885540591658285,3.9360473153238984,6.975371445794612,1.1182998679221035
min,6.394984,6.394989,7.088929,45.842616,59.241818,56.63419,0.0,0.0,1.69e-20,0.0,0.0,0.0,6.0,0.0,8.0,0.0,0.0,0.0,0.0,0.0,0.0,0.0
25%,11.792241,12.75939975,11.804365,89.97102699999999,89.970304,83.9389855,5.75,4.25,0.5222837499999999,1187.025,1328.1999999999998,12.0,34.0,0.0,10.0,0.0,0.0,0.0,0.0,0.0,0.0,0.0
50%,15.4185215,15.9445575,14.5733785,89.99775700000001,89.996962,89.984991,8.25,6.25,0.690712,2634.0,1846.5500000000002,24.0,54.0,4.0,16.0,0.0,0.0,0.0,0.0,2.0,0.0,0.0
75%,18.215407,19.077068,17.67451975,90.0303905,90.019513,90.89313874999999,11.75,10.25,0.8009850000000001,4202.0,2165.65,48.0,88.0,8.0,26.0,0.0,0.0,0.0,2.0,4.0,0.0,0.0
max,42.795305,42.784841,42.784893,121.69217,120.545593,119.999863,24.75,24.75,0.967008,6505.8,3367.1,534.0,556.0,116.0,117.0,76.0,96.0,8.0,16.0,16.0,60.0,6.0
